ID,Last_Name,First_Name,Middle_Name,Organization,Work_phone,Personal_phone
4dcad9b3-e6c4-406f-8f10-211f837c8f95,Morrow,Barbara,Michael,"Avery, Ferguson and Bennett",804-440-8063,662-631-3630
1a925c2f-ea55-472c-ac96-1b7bfaab7313,Clark,Patricia,Elizabeth,Dennis and Sons,648-955-2921x8283,(793)696-9514x6836
41df08bf-b0a8-48c4-ad7b-26988d612150,Dodson,Charles,Ashley,Conway-Collins,762-266-5874,+1-947-253-1338x68161
eb51e926-fe5f-40d8-9adb-10cf9427d08f,Ellison,Jeremy,Jorge,Young Group,001-579-354-9691x7797,+1-730-891-2418
afbdc71a-a6e6-4255-9f3c-2fa9805c6b06,Ross,Karina,Derrick,Elliott Ltd,(454)502-1811x68545,5477115445
85b6b0b9-7199-4ab2-9b22-00a291302b7a,Smith,Tiffany,Theresa,"Taylor, Cooper and Dixon",609-810-4187x5838,215-453-2364
1b750c88-1345-4ffa-ab18-141aaa38a602,Duran,Richard,James,Nichols Inc,509-593-7806,(475)633-9263
6d8531a6-1c6e-41b8-b95a-0aba26ad2b05,Leach,Edwin,Adam,Brown-Alvarez,001-865-780-7023x042,786-503-4435x2711
6216bfc0-3c43-47e3-ae19-1b5dd1010b01,Mathis,Brandon,Jeffrey,Davis Group,+1-563-957-7158,663-447-0338x230
b54abe9f-b845-4be1-8e65-fe7415410e21,Robinson,Christina,Courtney,"Hicks, Richardson and Mercer",8182375615,362.999.7835
ad9e567b-4301-4d89-808a-e14f3eb42b3e,Simpson,Ryan,Natalie,Powers-Wilson,+1-272-717-7883,443-701-3019
c33e4fcf-0240-40db-ac1f-6363cfc25e82,Kaufman,Thomas,Joshua,Williams-Jones,307-882-8035,+1-577-880-5132x0678
8bc90f1a-114c-42f0-9235-4335842a36ab,Leonard,Jay,Stephen,Miller-Johnson,(421)867-2759x551,001-268-625-3301x073
352cf3a6-93af-447d-b8fd-7624f9b35d64,Spears,Lisa,Ronnie,"Erickson, Golden and Ross",330-473-6057x223,917.922.9609x00710
4850b1b7-c1e2-4fd5-9242-9b366004021c,Wise,Beth,Victor,Gordon Group,+1-500-572-5310x32930,8305600039
f4c0caf4-130f-492b-a173-a50dc0a448ea,Turner,Daniel,Sean,Mccoy Ltd,2222888919,573-678-3984
c652b82f-4195-4ed9-ba07-103e66f00be6,West,Donna,Stacey,Schneider-Barr,8707371438,+1-462-373-4342x234
4b188145-36c0-4cd2-8f35-29ecf87216b9,Mullins,Lisa,Stephanie,Li-Davis,679-733-6110x60240,(568)950-5679x481
27fd6419-c448-4d26-b589-8ea7fce5a6f8,Cabrera,Victoria,Andrea,Salazar PLC,(840)784-0917,001-596-600-3243x2981
effeb1e9-508e-402b-a723-c65f3dd21070,Mccarthy,James,Alyssa,Ray-Anderson,905-734-4740x7867,4809008421
14c061cf-314a-4858-bb00-164967968412,Neal,Raven,Richard,Howell LLC,(204)835-7873,5158387418
49544c09-3763-4d01-9ebd-7f5fbe3d345c,Harris,Alicia,Laura,Stevens Ltd,001-711-300-2537x611,(841)345-2748
ebd225e6-432f-46f8-8e70-b21f78bee663,Brown,Janice,Timothy,Dorsey LLC,903-548-3679x502,001-380-461-5028x50253
efff0428-f294-4ef0-ad95-9cb1f05e6b68,Turner,Jennifer,Tanya,Cline-Walker,(795)304-6049,705.452.2974
9c14cafd-9419-487f-b21f-2e923f88ab1f,Johnson,Brittany,Kristin,"Valdez, Morton and Terrell",001-276-753-5367x0891,8233247412
16dda2b0-4d49-49b6-81df-b11b18e41397,Miller,Beth,Paul,"Brooks, Owens and Blair",+1-293-524-3613,985.685.3342x7897
ecad039c-3c13-4ff2-b6be-6510e9a7342b,Kek,Kik,Kuk,Kukuk,556677,+375999090909
